<keymap version="1" name="Windows copy" parent="$default">
  <action id="ActivateBookmarksToolWindow" />
  <action id="CloseContent">
    <keyboard-shortcut first-keystroke="ctrl f4" />
    <keyboard-shortcut first-keystroke="ctrl alt w" />
  </action>
  <action id="CodeEditorBaseGroup">
    <keyboard-shortcut first-keystroke="alt 2" />
  </action>
  <action id="Terminal.CloseTab">
    <keyboard-shortcut first-keystroke="ctrl f4" />
    <keyboard-shortcut first-keystroke="ctrl alt w" />
  </action>
</keymap>